<?xml version="1.0"?>
<pagescount>
	<html_total>1</html_total>
	<html_done>1</html_done>
	<images>10</images>
	<script/>
	<css>2</css>
	<pdf/>
	<documents/>
	<excel/>
	<powerpoint/>
	<flash/>
	<audios/>
	<videos/>
	<xml/>
	<json/>
	<txt/>
	<autocad/>
	<fonts>12</fonts>
	<scraping_reload>1</scraping_reload>
	<is_pretty_url>false</is_pretty_url>
	<is_ebn>false</is_ebn>
	<email>timonov.yan@gmail.com</email>
	<theme_name>WmdTheme574953</theme_name>
	<server_url_front_page>https://www6.waybackmachinedownloader.com/wdo/files/demo/rtrmm.ru_timonov.yan_gmail.com_hofq9hcm6f/</server_url_front_page>
	<no_www_url>rtrmm.ru</no_www_url>
	<hosted_domain/>
	<original_archive_url>https://rtrmm.ru/fd8b246de442b417d7c1843a49f872cd4960422b/prelp.html</original_archive_url>
	<final_archive_url>https://rtrmm.ru/fd8b246de442b417d7c1843a49f872cd4960422b/prelp.html</final_archive_url>
	<front_page_code_date/>
	<total_urls_from_api/>
	<max_reached_live>false</max_reached_live>
	<scrape_other_captures>false</scrape_other_captures>
	<total_size>3016</total_size>
</pagescount>
